{"flutter":{"platforms":{"android":{"default":{"projectId":"chat-app-d8a6a","appId":"1:243972751828:android:18d2c5cf32017259511641","fileOutput":"android/app/google-services.json"}},"dart":{"lib/firebase_options.dart":{"projectId":"chat-app-d8a6a","configurations":{"android":"1:243972751828:android:18d2c5cf32017259511641","ios":"1:243972751828:ios:c0bc10e2b52ee8ba511641","macos":"1:243972751828:ios:c0bc10e2b52ee8ba511641","web":"1:243972751828:web:dbf5c715503af626511641","windows":"1:243972751828:web:87b0180174ac80f5511641"}}}}}}