{
  "project_info": {
    "project_number": "243972751828",
    "project_id": "chat-app-d8a6a",
    "storage_bucket": "chat-app-d8a6a.appspot.com"
  },
  "client": [
    {
      "client_info": {
        "mobilesdk_app_id": "1:243972751828:android:18d2c5cf32017259511641",
        "android_client_info": {
          "package_name": "com.example.chat_app"
        }
      },
      "oauth_client": [],
      "api_key": [
        {
          "current_key": "AIzaSyClteyDQeWcQfn8n3M9bfo1G9hJovT7Ykk"
        }
      ],
      "services": {
        "appinvite_service": {
          "other_platform_oauth_client": []
        }
      }
    }
  ],
  "configuration_version": "1"
}